{"time": [0.0, 0.0001, 0.0002, 0.00030000000000000003, 0.0004, 0.0005, 0.0006000000000000001, 0.0007000000000000001, 0.0008000000000000001, 0.0009000000000000002, 0.0010000000000000002], "dt": [0.0001, 0.0001, 0.0001, 0.0001, 0.0001, 0.0001, 0.0001, 0.0001, 0.0001, 0.0001, 0.0001]}