{"time": [0.0, 0.00032], "dt": [1.0, 0.00032]}