{"time": [0.0, 0.008, 0.04800000000000001, 0.08800000000000005, 0.12800000000000009, 0.16800000000000012, 0.20800000000000016, 0.2480000000000002, 0.2880000000000002, 0.32800000000000024, 0.3680000000000002, 0.40800000000000025, 0.4480000000000003, 0.4880000000000003, 0.5280000000000004, 0.5680000000000005, 0.6080000000000005, 0.6160000000000005, 0.6560000000000006, 0.6960000000000006, 0.7360000000000007, 0.7760000000000007, 0.8160000000000007, 1.0160000000000007, 1.2160000000000009, 1.416000000000001, 1.4560000000000013, 1.4960000000000013, 1.5360000000000014, 1.5760000000000014, 1.6160000000000014, 1.6560000000000015, 1.6576000000000015, 1.6592000000000013, 1.6608000000000012, 1.662400000000001, 1.6640000000000008, 1.6656000000000006, 1.6672000000000005, 1.6688000000000003, 1.6768, 1.6848, 1.6864000000000001, 1.688, 1.6895999999999998, 1.6911999999999996, 1.6927999999999994, 1.6943999999999992, 1.695999999999999, 1.6975999999999989, 1.6991999999999987, 1.7007999999999985, 1.7023999999999984, 1.7039999999999982, 1.705599999999998, 1.7071999999999978, 1.7087999999999977, 1.7103999999999975, 1.7119999999999973, 1.7135999999999971, 1.715199999999997, 1.7167999999999968, 1.7183999999999966, 1.7199999999999964, 1.7215999999999962, 1.723199999999996, 1.724799999999996, 1.7263999999999957, 1.7279999999999955, 1.7295999999999954, 1.7299199999999952, 1.7315199999999955, 1.7331199999999953, 1.7347199999999952, 1.736319999999995, 1.7379199999999948, 1.7395199999999946, 1.7411199999999944, 1.7427199999999943, 1.744319999999994, 1.745919999999994, 1.7475199999999937, 1.7491199999999936, 1.7507199999999934, 1.7523199999999932, 1.753919999999993], "dt": [1.0, 0.008, 0.04, 0.04, 0.04, 0.04, 0.04, 0.04, 0.04, 0.04, 0.04, 0.04, 0.04, 0.04, 0.04, 0.04, 0.04, 0.008, 0.04, 0.04, 0.04, 0.04, 0.04, 0.2, 0.2, 0.2, 0.04, 0.04, 0.04, 0.04, 0.04, 0.04, 0.0016, 0.0016, 0.0016, 0.0016, 0.0016, 0.0016, 0.0016, 0.0016, 0.008, 0.008, 0.0016, 0.0016, 0.0016, 0.0016, 0.0016, 0.0016, 0.0016, 0.0016, 0.0016, 0.0016, 0.0016, 0.0016, 0.0016, 0.0016, 0.0016, 0.0016, 0.0016, 0.0016, 0.0016, 0.0016, 0.0016, 0.0016, 0.0016, 0.0016, 0.0016, 0.0016, 0.0016, 0.0016, 0.00032, 0.0016, 0.0016, 0.0016, 0.0016, 0.0016, 0.0016, 0.0016, 0.0016, 0.0016, 0.0016, 0.0016, 0.0016, 0.0016, 0.0016, 0.0016]}