{"time": [0.0, 0.1, 0.3000000000000001, 0.5, 0.7, 0.8999999999999999, 1.9, 2.9, 3.9, 4.9, 5.9, 6.9, 7.9, 8.9, 9.9, 10.9, 11.9, 12.9, 13.9], "dt": [0.1, 0.1, 0.2, 0.2, 0.2, 0.2, 1.0, 1.0, 1.0, 1.0, 1.0, 1.0, 1.0, 1.0, 1.0, 1.0, 1.0, 1.0, 1.0]}