{"time": [0.0, 0.04, 0.24000000000000005, 0.44, 0.6399999999999999, 0.8399999999999999, 1.8399999999999999, 2.84, 3.84, 4.84, 5.84, 6.84, 7.84, 8.84, 9.84, 10.84, 11.84, 12.84, 13.84, 14.84, 15.84, 16.84, 17.84, 18.84, 19.84, 20.84, 21.84, 22.84, 23.84, 24.84, 25.84, 26.84, 27.84, 28.84, 29.84, 30.84, 31.84, 32.84, 33.84, 34.84, 35.84, 36.84, 37.84, 38.84, 39.84, 40.84, 41.84, 42.84, 43.84, 44.84, 45.84, 46.84, 47.84, 48.84, 49.84, 50.84], "dt": [1.0, 0.04, 0.2, 0.2, 0.2, 0.2, 1.0, 1.0, 1.0, 1.0, 1.0, 1.0, 1.0, 1.0, 1.0, 1.0, 1.0, 1.0, 1.0, 1.0, 1.0, 1.0, 1.0, 1.0, 1.0, 1.0, 1.0, 1.0, 1.0, 1.0, 1.0, 1.0, 1.0, 1.0, 1.0, 1.0, 1.0, 1.0, 1.0, 1.0, 1.0, 1.0, 1.0, 1.0, 1.0, 1.0, 1.0, 1.0, 1.0, 1.0, 1.0, 1.0, 1.0, 1.0, 1.0, 1.0]}