{"time": [0.0, 0.04, 0.24000000000000005, 0.44, 0.6399999999999999, 0.6799999999999999, 0.72, 0.76, 0.96, 1.16, 1.36, 2.3600000000000003, 3.3600000000000003, 4.36, 5.36, 6.36, 7.36, 8.36, 9.36, 10.36, 11.36, 12.36, 13.36, 14.36, 15.36, 16.36], "dt": [1.0, 0.04, 0.2, 0.2, 0.2, 0.04, 0.04, 0.04, 0.2, 0.2, 0.2, 1.0, 1.0, 1.0, 1.0, 1.0, 1.0, 1.0, 1.0, 1.0, 1.0, 1.0, 1.0, 1.0, 1.0, 1.0]}